prom.jpg;552;1432;2793;2791
prom2.jpg;805;657;251;354;263;398
prom3.jpg;766;3268;541;7690
prom4.jpg;1580;4379;7738;4306;5823;1028;2695
0056-IMG_0079.JPG;918
0057-IMG_0080.JPG;951
0058-IMG_0081.JPG;580;861;236;890;603;8192;646;8463
0061-IMG_0084.JPG;92;106;554;8037
0062-IMG_0087.JPG;927;145;114;58;100
0064-IMG_0089.JPG;100;95;627;349;453;
821-IMG_1297.JPG;107
0009-IMG_0027.JPG;25;28;26;48;16
0236-IMG_0273.JPG;7483;6291;8115
0040-IMG_0061.JPG;161;867;149
0520-IMG_0563.JPG;4770;1172;3839;7531;8068;5298;5092
0017-IMG_0035.JPG;773;46;54;775;38;69;164
